GenericSensorType,1,ObjectType
GenericSensorType_Output,2,Variable
GenericSensorType_Output_Definition,3,Variable
GenericSensorType_Output_ValuePrecision,4,Variable
GenericSensorType_Output_InstrumentRange,5,Variable
GenericSensorType_Output_EURange,6,Variable
GenericSensorType_Output_EngineeringUnits,7,Variable
GenericSensorType_Units,8,Variable
GenericActuatorType,9,ObjectType
GenericActuatorType_Input,10,Variable
GenericActuatorType_Input_Definition,11,Variable
GenericActuatorType_Input_ValuePrecision,12,Variable
GenericActuatorType_Input_InstrumentRange,13,Variable
GenericActuatorType_Input_EURange,14,Variable
GenericActuatorType_Input_EngineeringUnits,15,Variable
GenericActuatorType_Output,16,Variable
GenericActuatorType_Output_Definition,17,Variable
GenericActuatorType_Output_ValuePrecision,18,Variable
GenericActuatorType_Output_InstrumentRange,19,Variable
GenericActuatorType_Output_EURange,20,Variable
GenericActuatorType_Output_EngineeringUnits,21,Variable
GenericMotorType,22,ObjectType
GenericMotorType_Speed,23,Variable
GenericMotorType_Speed_Definition,24,Variable
GenericMotorType_Speed_ValuePrecision,25,Variable
GenericMotorType_Speed_InstrumentRange,26,Variable
GenericMotorType_Speed_EURange,27,Variable
GenericMotorType_Speed_EngineeringUnits,28,Variable
LevelIndicatorType,29,ObjectType
LevelIndicatorType_Output,30,Variable
LevelIndicatorType_Output_Definition,31,Variable
LevelIndicatorType_Output_ValuePrecision,32,Variable
LevelIndicatorType_Output_InstrumentRange,33,Variable
LevelIndicatorType_Output_EURange,34,Variable
LevelIndicatorType_Output_EngineeringUnits,35,Variable
LevelIndicatorType_Units,36,Variable
LoadcellTransmitterType,37,ObjectType
LoadcellTransmitterType_Output,38,Variable
LoadcellTransmitterType_Output_Definition,39,Variable
LoadcellTransmitterType_Output_ValuePrecision,40,Variable
LoadcellTransmitterType_Output_InstrumentRange,41,Variable
LoadcellTransmitterType_Output_EURange,42,Variable
LoadcellTransmitterType_Output_EngineeringUnits,43,Variable
LoadcellTransmitterType_Units,44,Variable
LoadcellTransmitterType_ExcitationVoltage,45,Variable
LoadcellTransmitterType_ExcitationVoltage_Definition,46,Variable
LoadcellTransmitterType_ExcitationVoltage_ValuePrecision,47,Variable
LoadcellTransmitterType_ExcitationVoltage_InstrumentRange,48,Variable
LoadcellTransmitterType_ExcitationVoltage_EURange,49,Variable
LoadcellTransmitterType_ExcitationVoltage_EngineeringUnits,50,Variable
ValveType,51,ObjectType
ValveType_Input,52,Variable
ValveType_Input_Definition,53,Variable
ValveType_Input_ValuePrecision,54,Variable
ValveType_Input_InstrumentRange,55,Variable
ValveType_Input_EURange,56,Variable
ValveType_Input_EngineeringUnits,57,Variable
ValveType_Output,58,Variable
ValveType_Output_Definition,59,Variable
ValveType_Output_ValuePrecision,60,Variable
ValveType_Output_InstrumentRange,61,Variable
ValveType_Output_EURange,62,Variable
ValveType_Output_EngineeringUnits,63,Variable
MixerMotorType,64,ObjectType
MixerMotorType_Speed,65,Variable
MixerMotorType_Speed_Definition,66,Variable
MixerMotorType_Speed_ValuePrecision,67,Variable
MixerMotorType_Speed_InstrumentRange,68,Variable
MixerMotorType_Speed_EURange,69,Variable
MixerMotorType_Speed_EngineeringUnits,70,Variable
ConveyorMotorType,71,ObjectType
ConveyorMotorType_Speed,72,Variable
ConveyorMotorType_Speed_Definition,73,Variable
ConveyorMotorType_Speed_ValuePrecision,74,Variable
ConveyorMotorType_Speed_InstrumentRange,75,Variable
ConveyorMotorType_Speed_EURange,76,Variable
ConveyorMotorType_Speed_EngineeringUnits,77,Variable
Silo1Type,78,ObjectType
Silo1Type_Silo1LevelIndicator,79,Object
Silo1Type_Silo1LevelIndicator_Output,80,Variable
Silo1Type_Silo1LevelIndicator_Output_Definition,81,Variable
Silo1Type_Silo1LevelIndicator_Output_ValuePrecision,82,Variable
Silo1Type_Silo1LevelIndicator_Output_InstrumentRange,83,Variable
Silo1Type_Silo1LevelIndicator_Output_EURange,84,Variable
Silo1Type_Silo1LevelIndicator_Output_EngineeringUnits,85,Variable
Silo1Type_Silo1LevelIndicator_Units,86,Variable
Silo1Type_Silo1DischargeValve,87,Object
Silo1Type_Silo1DischargeValve_Input,88,Variable
Silo1Type_Silo1DischargeValve_Input_Definition,89,Variable
Silo1Type_Silo1DischargeValve_Input_ValuePrecision,90,Variable
Silo1Type_Silo1DischargeValve_Input_InstrumentRange,91,Variable
Silo1Type_Silo1DischargeValve_Input_EURange,92,Variable
Silo1Type_Silo1DischargeValve_Input_EngineeringUnits,93,Variable
Silo1Type_Silo1DischargeValve_Output,94,Variable
Silo1Type_Silo1DischargeValve_Output_Definition,95,Variable
Silo1Type_Silo1DischargeValve_Output_ValuePrecision,96,Variable
Silo1Type_Silo1DischargeValve_Output_InstrumentRange,97,Variable
Silo1Type_Silo1DischargeValve_Output_EURange,98,Variable
Silo1Type_Silo1DischargeValve_Output_EngineeringUnits,99,Variable
Silo2Type,100,ObjectType
Silo2Type_Silo2LevelIndicator,101,Object
Silo2Type_Silo2LevelIndicator_Output,102,Variable
Silo2Type_Silo2LevelIndicator_Output_Definition,103,Variable
Silo2Type_Silo2LevelIndicator_Output_ValuePrecision,104,Variable
Silo2Type_Silo2LevelIndicator_Output_InstrumentRange,105,Variable
Silo2Type_Silo2LevelIndicator_Output_EURange,106,Variable
Silo2Type_Silo2LevelIndicator_Output_EngineeringUnits,107,Variable
Silo2Type_Silo2LevelIndicator_Units,108,Variable
Silo2Type_Silo2DischargeValve,109,Object
Silo2Type_Silo2DischargeValve_Input,110,Variable
Silo2Type_Silo2DischargeValve_Input_Definition,111,Variable
Silo2Type_Silo2DischargeValve_Input_ValuePrecision,112,Variable
Silo2Type_Silo2DischargeValve_Input_InstrumentRange,113,Variable
Silo2Type_Silo2DischargeValve_Input_EURange,114,Variable
Silo2Type_Silo2DischargeValve_Input_EngineeringUnits,115,Variable
Silo2Type_Silo2DischargeValve_Output,116,Variable
Silo2Type_Silo2DischargeValve_Output_Definition,117,Variable
Silo2Type_Silo2DischargeValve_Output_ValuePrecision,118,Variable
Silo2Type_Silo2DischargeValve_Output_InstrumentRange,119,Variable
Silo2Type_Silo2DischargeValve_Output_EURange,120,Variable
Silo2Type_Silo2DischargeValve_Output_EngineeringUnits,121,Variable
Silo3Type,122,ObjectType
Silo3Type_Silo3LevelIndicator,123,Object
Silo3Type_Silo3LevelIndicator_Output,124,Variable
Silo3Type_Silo3LevelIndicator_Output_Definition,125,Variable
Silo3Type_Silo3LevelIndicator_Output_ValuePrecision,126,Variable
Silo3Type_Silo3LevelIndicator_Output_InstrumentRange,127,Variable
Silo3Type_Silo3LevelIndicator_Output_EURange,128,Variable
Silo3Type_Silo3LevelIndicator_Output_EngineeringUnits,129,Variable
Silo3Type_Silo3LevelIndicator_Units,130,Variable
Silo3Type_Silo3DischargeValve,131,Object
Silo3Type_Silo3DischargeValve_Input,132,Variable
Silo3Type_Silo3DischargeValve_Input_Definition,133,Variable
Silo3Type_Silo3DischargeValve_Input_ValuePrecision,134,Variable
Silo3Type_Silo3DischargeValve_Input_InstrumentRange,135,Variable
Silo3Type_Silo3DischargeValve_Input_EURange,136,Variable
Silo3Type_Silo3DischargeValve_Input_EngineeringUnits,137,Variable
Silo3Type_Silo3DischargeValve_Output,138,Variable
Silo3Type_Silo3DischargeValve_Output_Definition,139,Variable
Silo3Type_Silo3DischargeValve_Output_ValuePrecision,140,Variable
Silo3Type_Silo3DischargeValve_Output_InstrumentRange,141,Variable
Silo3Type_Silo3DischargeValve_Output_EURange,142,Variable
Silo3Type_Silo3DischargeValve_Output_EngineeringUnits,143,Variable
MixerType,144,ObjectType
MixerType_LoadcellTransmitter,145,Object
MixerType_LoadcellTransmitter_Output,146,Variable
MixerType_LoadcellTransmitter_Output_Definition,147,Variable
MixerType_LoadcellTransmitter_Output_ValuePrecision,148,Variable
MixerType_LoadcellTransmitter_Output_InstrumentRange,149,Variable
MixerType_LoadcellTransmitter_Output_EURange,150,Variable
MixerType_LoadcellTransmitter_Output_EngineeringUnits,151,Variable
MixerType_LoadcellTransmitter_Units,152,Variable
MixerType_LoadcellTransmitter_ExcitationVoltage,153,Variable
MixerType_LoadcellTransmitter_ExcitationVoltage_Definition,154,Variable
MixerType_LoadcellTransmitter_ExcitationVoltage_ValuePrecision,155,Variable
MixerType_LoadcellTransmitter_ExcitationVoltage_InstrumentRange,156,Variable
MixerType_LoadcellTransmitter_ExcitationVoltage_EURange,157,Variable
MixerType_LoadcellTransmitter_ExcitationVoltage_EngineeringUnits,158,Variable
MixerType_MixerMotor,159,Object
MixerType_MixerMotor_Speed,160,Variable
MixerType_MixerMotor_Speed_Definition,161,Variable
MixerType_MixerMotor_Speed_ValuePrecision,162,Variable
MixerType_MixerMotor_Speed_InstrumentRange,163,Variable
MixerType_MixerMotor_Speed_EURange,164,Variable
MixerType_MixerMotor_Speed_EngineeringUnits,165,Variable
MixerType_MixerDischargeValve,166,Object
MixerType_MixerDischargeValve_Input,167,Variable
MixerType_MixerDischargeValve_Input_Definition,168,Variable
MixerType_MixerDischargeValve_Input_ValuePrecision,169,Variable
MixerType_MixerDischargeValve_Input_InstrumentRange,170,Variable
MixerType_MixerDischargeValve_Input_EURange,171,Variable
MixerType_MixerDischargeValve_Input_EngineeringUnits,172,Variable
MixerType_MixerDischargeValve_Output,173,Variable
MixerType_MixerDischargeValve_Output_Definition,174,Variable
MixerType_MixerDischargeValve_Output_ValuePrecision,175,Variable
MixerType_MixerDischargeValve_Output_InstrumentRange,176,Variable
MixerType_MixerDischargeValve_Output_EURange,177,Variable
MixerType_MixerDischargeValve_Output_EngineeringUnits,178,Variable
PackagingUnitType,179,ObjectType
PackagingUnitType_PackagingUnitLevelIndicator,180,Object
PackagingUnitType_PackagingUnitLevelIndicator_Output,181,Variable
PackagingUnitType_PackagingUnitLevelIndicator_Output_Definition,182,Variable
PackagingUnitType_PackagingUnitLevelIndicator_Output_ValuePrecision,183,Variable
PackagingUnitType_PackagingUnitLevelIndicator_Output_InstrumentRange,184,Variable
PackagingUnitType_PackagingUnitLevelIndicator_Output_EURange,185,Variable
PackagingUnitType_PackagingUnitLevelIndicator_Output_EngineeringUnits,186,Variable
PackagingUnitType_PackagingUnitLevelIndicator_Units,187,Variable
ConveyorType,188,ObjectType
ConveyorType_ConveyorMotor,189,Object
ConveyorType_ConveyorMotor_Speed,190,Variable
ConveyorType_ConveyorMotor_Speed_Definition,191,Variable
ConveyorType_ConveyorMotor_Speed_ValuePrecision,192,Variable
ConveyorType_ConveyorMotor_Speed_InstrumentRange,193,Variable
ConveyorType_ConveyorMotor_Speed_EURange,194,Variable
ConveyorType_ConveyorMotor_Speed_EngineeringUnits,195,Variable
BatchPlantType,196,ObjectType
BatchPlantType_Silo1,197,Object
BatchPlantType_Silo1_Silo1LevelIndicator,198,Object
BatchPlantType_Silo1_Silo1LevelIndicator_Output,199,Variable
BatchPlantType_Silo1_Silo1LevelIndicator_Output_Definition,200,Variable
BatchPlantType_Silo1_Silo1LevelIndicator_Output_ValuePrecision,201,Variable
BatchPlantType_Silo1_Silo1LevelIndicator_Output_InstrumentRange,202,Variable
BatchPlantType_Silo1_Silo1LevelIndicator_Output_EURange,203,Variable
BatchPlantType_Silo1_Silo1LevelIndicator_Output_EngineeringUnits,204,Variable
BatchPlantType_Silo1_Silo1LevelIndicator_Units,205,Variable
BatchPlantType_Silo1_Silo1DischargeValve,206,Object
BatchPlantType_Silo1_Silo1DischargeValve_Input,207,Variable
BatchPlantType_Silo1_Silo1DischargeValve_Input_Definition,208,Variable
BatchPlantType_Silo1_Silo1DischargeValve_Input_ValuePrecision,209,Variable
BatchPlantType_Silo1_Silo1DischargeValve_Input_InstrumentRange,210,Variable
BatchPlantType_Silo1_Silo1DischargeValve_Input_EURange,211,Variable
BatchPlantType_Silo1_Silo1DischargeValve_Input_EngineeringUnits,212,Variable
BatchPlantType_Silo1_Silo1DischargeValve_Output,213,Variable
BatchPlantType_Silo1_Silo1DischargeValve_Output_Definition,214,Variable
BatchPlantType_Silo1_Silo1DischargeValve_Output_ValuePrecision,215,Variable
BatchPlantType_Silo1_Silo1DischargeValve_Output_InstrumentRange,216,Variable
BatchPlantType_Silo1_Silo1DischargeValve_Output_EURange,217,Variable
BatchPlantType_Silo1_Silo1DischargeValve_Output_EngineeringUnits,218,Variable
BatchPlantType_Silo1_DischargeValve,219,Object
BatchPlantType_Silo1_DischargeValve_Input,220,Variable
BatchPlantType_Silo2,221,Object
BatchPlantType_Silo2_Silo2LevelIndicator,222,Object
BatchPlantType_Silo2_Silo2LevelIndicator_Output,223,Variable
BatchPlantType_Silo2_Silo2LevelIndicator_Output_Definition,224,Variable
BatchPlantType_Silo2_Silo2LevelIndicator_Output_ValuePrecision,225,Variable
BatchPlantType_Silo2_Silo2LevelIndicator_Output_InstrumentRange,226,Variable
BatchPlantType_Silo2_Silo2LevelIndicator_Output_EURange,227,Variable
BatchPlantType_Silo2_Silo2LevelIndicator_Output_EngineeringUnits,228,Variable
BatchPlantType_Silo2_Silo2LevelIndicator_Units,229,Variable
BatchPlantType_Silo2_Silo2DischargeValve,230,Object
BatchPlantType_Silo2_Silo2DischargeValve_Input,231,Variable
BatchPlantType_Silo2_Silo2DischargeValve_Input_Definition,232,Variable
BatchPlantType_Silo2_Silo2DischargeValve_Input_ValuePrecision,233,Variable
BatchPlantType_Silo2_Silo2DischargeValve_Input_InstrumentRange,234,Variable
BatchPlantType_Silo2_Silo2DischargeValve_Input_EURange,235,Variable
BatchPlantType_Silo2_Silo2DischargeValve_Input_EngineeringUnits,236,Variable
BatchPlantType_Silo2_Silo2DischargeValve_Output,237,Variable
BatchPlantType_Silo2_Silo2DischargeValve_Output_Definition,238,Variable
BatchPlantType_Silo2_Silo2DischargeValve_Output_ValuePrecision,239,Variable
BatchPlantType_Silo2_Silo2DischargeValve_Output_InstrumentRange,240,Variable
BatchPlantType_Silo2_Silo2DischargeValve_Output_EURange,241,Variable
BatchPlantType_Silo2_Silo2DischargeValve_Output_EngineeringUnits,242,Variable
BatchPlantType_Silo2_DischargeValve,243,Object
BatchPlantType_Silo2_DischargeValve_Input,244,Variable
BatchPlantType_Silo3,245,Object
BatchPlantType_Silo3_Silo3LevelIndicator,246,Object
BatchPlantType_Silo3_Silo3LevelIndicator_Output,247,Variable
BatchPlantType_Silo3_Silo3LevelIndicator_Output_Definition,248,Variable
BatchPlantType_Silo3_Silo3LevelIndicator_Output_ValuePrecision,249,Variable
BatchPlantType_Silo3_Silo3LevelIndicator_Output_InstrumentRange,250,Variable
BatchPlantType_Silo3_Silo3LevelIndicator_Output_EURange,251,Variable
BatchPlantType_Silo3_Silo3LevelIndicator_Output_EngineeringUnits,252,Variable
BatchPlantType_Silo3_Silo3LevelIndicator_Units,253,Variable
BatchPlantType_Silo3_Silo3DischargeValve,254,Object
BatchPlantType_Silo3_Silo3DischargeValve_Input,255,Variable
BatchPlantType_Silo3_Silo3DischargeValve_Input_Definition,256,Variable
BatchPlantType_Silo3_Silo3DischargeValve_Input_ValuePrecision,257,Variable
BatchPlantType_Silo3_Silo3DischargeValve_Input_InstrumentRange,258,Variable
BatchPlantType_Silo3_Silo3DischargeValve_Input_EURange,259,Variable
BatchPlantType_Silo3_Silo3DischargeValve_Input_EngineeringUnits,260,Variable
BatchPlantType_Silo3_Silo3DischargeValve_Output,261,Variable
BatchPlantType_Silo3_Silo3DischargeValve_Output_Definition,262,Variable
BatchPlantType_Silo3_Silo3DischargeValve_Output_ValuePrecision,263,Variable
BatchPlantType_Silo3_Silo3DischargeValve_Output_InstrumentRange,264,Variable
BatchPlantType_Silo3_Silo3DischargeValve_Output_EURange,265,Variable
BatchPlantType_Silo3_Silo3DischargeValve_Output_EngineeringUnits,266,Variable
BatchPlantType_Silo3_DischargeValve,267,Object
BatchPlantType_Silo3_DischargeValve_Input,268,Variable
BatchPlantType_Mixer,269,Object
BatchPlantType_Mixer_LoadcellTransmitter,270,Object
BatchPlantType_Mixer_LoadcellTransmitter_Output,271,Variable
BatchPlantType_Mixer_LoadcellTransmitter_Output_Definition,272,Variable
BatchPlantType_Mixer_LoadcellTransmitter_Output_ValuePrecision,273,Variable
BatchPlantType_Mixer_LoadcellTransmitter_Output_InstrumentRange,274,Variable
BatchPlantType_Mixer_LoadcellTransmitter_Output_EURange,275,Variable
BatchPlantType_Mixer_LoadcellTransmitter_Output_EngineeringUnits,276,Variable
BatchPlantType_Mixer_LoadcellTransmitter_Units,277,Variable
BatchPlantType_Mixer_LoadcellTransmitter_ExcitationVoltage,278,Variable
BatchPlantType_Mixer_LoadcellTransmitter_ExcitationVoltage_Definition,279,Variable
BatchPlantType_Mixer_LoadcellTransmitter_ExcitationVoltage_ValuePrecision,280,Variable
BatchPlantType_Mixer_LoadcellTransmitter_ExcitationVoltage_InstrumentRange,281,Variable
BatchPlantType_Mixer_LoadcellTransmitter_ExcitationVoltage_EURange,282,Variable
BatchPlantType_Mixer_LoadcellTransmitter_ExcitationVoltage_EngineeringUnits,283,Variable
BatchPlantType_Mixer_MixerMotor,284,Object
BatchPlantType_Mixer_MixerMotor_Speed,285,Variable
BatchPlantType_Mixer_MixerMotor_Speed_Definition,286,Variable
BatchPlantType_Mixer_MixerMotor_Speed_ValuePrecision,287,Variable
BatchPlantType_Mixer_MixerMotor_Speed_InstrumentRange,288,Variable
BatchPlantType_Mixer_MixerMotor_Speed_EURange,289,Variable
BatchPlantType_Mixer_MixerMotor_Speed_EngineeringUnits,290,Variable
BatchPlantType_Mixer_MixerDischargeValve,291,Object
BatchPlantType_Mixer_MixerDischargeValve_Input,292,Variable
BatchPlantType_Mixer_MixerDischargeValve_Input_Definition,293,Variable
BatchPlantType_Mixer_MixerDischargeValve_Input_ValuePrecision,294,Variable
BatchPlantType_Mixer_MixerDischargeValve_Input_InstrumentRange,295,Variable
BatchPlantType_Mixer_MixerDischargeValve_Input_EURange,296,Variable
BatchPlantType_Mixer_MixerDischargeValve_Input_EngineeringUnits,297,Variable
BatchPlantType_Mixer_MixerDischargeValve_Output,298,Variable
BatchPlantType_Mixer_MixerDischargeValve_Output_Definition,299,Variable
BatchPlantType_Mixer_MixerDischargeValve_Output_ValuePrecision,300,Variable
BatchPlantType_Mixer_MixerDischargeValve_Output_InstrumentRange,301,Variable
BatchPlantType_Mixer_MixerDischargeValve_Output_EURange,302,Variable
BatchPlantType_Mixer_MixerDischargeValve_Output_EngineeringUnits,303,Variable
BatchPlantType_Mixer_DischargeValve,304,Object
BatchPlantType_Mixer_DischargeValve_Input,305,Variable
BatchPlantType_PackagingUnit,306,Object
BatchPlantType_PackagingUnit_PackagingUnitLevelIndicator,307,Object
BatchPlantType_PackagingUnit_PackagingUnitLevelIndicator_Output,308,Variable
BatchPlantType_PackagingUnit_PackagingUnitLevelIndicator_Output_Definition,309,Variable
BatchPlantType_PackagingUnit_PackagingUnitLevelIndicator_Output_ValuePrecision,310,Variable
BatchPlantType_PackagingUnit_PackagingUnitLevelIndicator_Output_InstrumentRange,311,Variable
BatchPlantType_PackagingUnit_PackagingUnitLevelIndicator_Output_EURange,312,Variable
BatchPlantType_PackagingUnit_PackagingUnitLevelIndicator_Output_EngineeringUnits,313,Variable
BatchPlantType_PackagingUnit_PackagingUnitLevelIndicator_Units,314,Variable
BatchPlantType_Conveyor,315,Object
BatchPlantType_Conveyor_ConveyorMotor,316,Object
BatchPlantType_Conveyor_ConveyorMotor_Speed,317,Variable
BatchPlantType_Conveyor_ConveyorMotor_Speed_Definition,318,Variable
BatchPlantType_Conveyor_ConveyorMotor_Speed_ValuePrecision,319,Variable
BatchPlantType_Conveyor_ConveyorMotor_Speed_InstrumentRange,320,Variable
BatchPlantType_Conveyor_ConveyorMotor_Speed_EURange,321,Variable
BatchPlantType_Conveyor_ConveyorMotor_Speed_EngineeringUnits,322,Variable
BatchPlantType_StartProcess,323,Method
BatchPlantType_StopProcess,324,Method
BatchPlant1,325,Object
BatchPlant1_Silo1,326,Object
BatchPlant1_Silo1_Silo1LevelIndicator,327,Object
BatchPlant1_Silo1_Silo1LevelIndicator_Output,328,Variable
BatchPlant1_Silo1_Silo1LevelIndicator_Output_Definition,329,Variable
BatchPlant1_Silo1_Silo1LevelIndicator_Output_ValuePrecision,330,Variable
BatchPlant1_Silo1_Silo1LevelIndicator_Output_InstrumentRange,331,Variable
BatchPlant1_Silo1_Silo1LevelIndicator_Output_EURange,332,Variable
BatchPlant1_Silo1_Silo1LevelIndicator_Output_EngineeringUnits,333,Variable
BatchPlant1_Silo1_Silo1LevelIndicator_Units,334,Variable
BatchPlant1_Silo1_Silo1DischargeValve,335,Object
BatchPlant1_Silo1_Silo1DischargeValve_Input,336,Variable
BatchPlant1_Silo1_Silo1DischargeValve_Input_Definition,337,Variable
BatchPlant1_Silo1_Silo1DischargeValve_Input_ValuePrecision,338,Variable
BatchPlant1_Silo1_Silo1DischargeValve_Input_InstrumentRange,339,Variable
BatchPlant1_Silo1_Silo1DischargeValve_Input_EURange,340,Variable
BatchPlant1_Silo1_Silo1DischargeValve_Input_EngineeringUnits,341,Variable
BatchPlant1_Silo1_Silo1DischargeValve_Output,342,Variable
BatchPlant1_Silo1_Silo1DischargeValve_Output_Definition,343,Variable
BatchPlant1_Silo1_Silo1DischargeValve_Output_ValuePrecision,344,Variable
BatchPlant1_Silo1_Silo1DischargeValve_Output_InstrumentRange,345,Variable
BatchPlant1_Silo1_Silo1DischargeValve_Output_EURange,346,Variable
BatchPlant1_Silo1_Silo1DischargeValve_Output_EngineeringUnits,347,Variable
BatchPlant1_Silo1_DischargeValve,348,Object
BatchPlant1_Silo1_DischargeValve_Input,349,Variable
BatchPlant1_Silo2,350,Object
BatchPlant1_Silo2_Silo2LevelIndicator,351,Object
BatchPlant1_Silo2_Silo2LevelIndicator_Output,352,Variable
BatchPlant1_Silo2_Silo2LevelIndicator_Output_Definition,353,Variable
BatchPlant1_Silo2_Silo2LevelIndicator_Output_ValuePrecision,354,Variable
BatchPlant1_Silo2_Silo2LevelIndicator_Output_InstrumentRange,355,Variable
BatchPlant1_Silo2_Silo2LevelIndicator_Output_EURange,356,Variable
BatchPlant1_Silo2_Silo2LevelIndicator_Output_EngineeringUnits,357,Variable
BatchPlant1_Silo2_Silo2LevelIndicator_Units,358,Variable
BatchPlant1_Silo2_Silo2DischargeValve,359,Object
BatchPlant1_Silo2_Silo2DischargeValve_Input,360,Variable
BatchPlant1_Silo2_Silo2DischargeValve_Input_Definition,361,Variable
BatchPlant1_Silo2_Silo2DischargeValve_Input_ValuePrecision,362,Variable
BatchPlant1_Silo2_Silo2DischargeValve_Input_InstrumentRange,363,Variable
BatchPlant1_Silo2_Silo2DischargeValve_Input_EURange,364,Variable
BatchPlant1_Silo2_Silo2DischargeValve_Input_EngineeringUnits,365,Variable
BatchPlant1_Silo2_Silo2DischargeValve_Output,366,Variable
BatchPlant1_Silo2_Silo2DischargeValve_Output_Definition,367,Variable
BatchPlant1_Silo2_Silo2DischargeValve_Output_ValuePrecision,368,Variable
BatchPlant1_Silo2_Silo2DischargeValve_Output_InstrumentRange,369,Variable
BatchPlant1_Silo2_Silo2DischargeValve_Output_EURange,370,Variable
BatchPlant1_Silo2_Silo2DischargeValve_Output_EngineeringUnits,371,Variable
BatchPlant1_Silo2_DischargeValve,372,Object
BatchPlant1_Silo2_DischargeValve_Input,373,Variable
BatchPlant1_Silo3,374,Object
BatchPlant1_Silo3_Silo3LevelIndicator,375,Object
BatchPlant1_Silo3_Silo3LevelIndicator_Output,376,Variable
BatchPlant1_Silo3_Silo3LevelIndicator_Output_Definition,377,Variable
BatchPlant1_Silo3_Silo3LevelIndicator_Output_ValuePrecision,378,Variable
BatchPlant1_Silo3_Silo3LevelIndicator_Output_InstrumentRange,379,Variable
BatchPlant1_Silo3_Silo3LevelIndicator_Output_EURange,380,Variable
BatchPlant1_Silo3_Silo3LevelIndicator_Output_EngineeringUnits,381,Variable
BatchPlant1_Silo3_Silo3LevelIndicator_Units,382,Variable
BatchPlant1_Silo3_Silo3DischargeValve,383,Object
BatchPlant1_Silo3_Silo3DischargeValve_Input,384,Variable
BatchPlant1_Silo3_Silo3DischargeValve_Input_Definition,385,Variable
BatchPlant1_Silo3_Silo3DischargeValve_Input_ValuePrecision,386,Variable
BatchPlant1_Silo3_Silo3DischargeValve_Input_InstrumentRange,387,Variable
BatchPlant1_Silo3_Silo3DischargeValve_Input_EURange,388,Variable
BatchPlant1_Silo3_Silo3DischargeValve_Input_EngineeringUnits,389,Variable
BatchPlant1_Silo3_Silo3DischargeValve_Output,390,Variable
BatchPlant1_Silo3_Silo3DischargeValve_Output_Definition,391,Variable
BatchPlant1_Silo3_Silo3DischargeValve_Output_ValuePrecision,392,Variable
BatchPlant1_Silo3_Silo3DischargeValve_Output_InstrumentRange,393,Variable
BatchPlant1_Silo3_Silo3DischargeValve_Output_EURange,394,Variable
BatchPlant1_Silo3_Silo3DischargeValve_Output_EngineeringUnits,395,Variable
BatchPlant1_Silo3_DischargeValve,396,Object
BatchPlant1_Silo3_DischargeValve_Input,397,Variable
BatchPlant1_Mixer,398,Object
BatchPlant1_Mixer_LoadcellTransmitter,399,Object
BatchPlant1_Mixer_LoadcellTransmitter_Output,400,Variable
BatchPlant1_Mixer_LoadcellTransmitter_Output_Definition,401,Variable
BatchPlant1_Mixer_LoadcellTransmitter_Output_ValuePrecision,402,Variable
BatchPlant1_Mixer_LoadcellTransmitter_Output_InstrumentRange,403,Variable
BatchPlant1_Mixer_LoadcellTransmitter_Output_EURange,404,Variable
BatchPlant1_Mixer_LoadcellTransmitter_Output_EngineeringUnits,405,Variable
BatchPlant1_Mixer_LoadcellTransmitter_Units,406,Variable
BatchPlant1_Mixer_LoadcellTransmitter_ExcitationVoltage,407,Variable
BatchPlant1_Mixer_LoadcellTransmitter_ExcitationVoltage_Definition,408,Variable
BatchPlant1_Mixer_LoadcellTransmitter_ExcitationVoltage_ValuePrecision,409,Variable
BatchPlant1_Mixer_LoadcellTransmitter_ExcitationVoltage_InstrumentRange,410,Variable
BatchPlant1_Mixer_LoadcellTransmitter_ExcitationVoltage_EURange,411,Variable
BatchPlant1_Mixer_LoadcellTransmitter_ExcitationVoltage_EngineeringUnits,412,Variable
BatchPlant1_Mixer_MixerMotor,413,Object
BatchPlant1_Mixer_MixerMotor_Speed,414,Variable
BatchPlant1_Mixer_MixerMotor_Speed_Definition,415,Variable
BatchPlant1_Mixer_MixerMotor_Speed_ValuePrecision,416,Variable
BatchPlant1_Mixer_MixerMotor_Speed_InstrumentRange,417,Variable
BatchPlant1_Mixer_MixerMotor_Speed_EURange,418,Variable
BatchPlant1_Mixer_MixerMotor_Speed_EngineeringUnits,419,Variable
BatchPlant1_Mixer_MixerDischargeValve,420,Object
BatchPlant1_Mixer_MixerDischargeValve_Input,421,Variable
BatchPlant1_Mixer_MixerDischargeValve_Input_Definition,422,Variable
BatchPlant1_Mixer_MixerDischargeValve_Input_ValuePrecision,423,Variable
BatchPlant1_Mixer_MixerDischargeValve_Input_InstrumentRange,424,Variable
BatchPlant1_Mixer_MixerDischargeValve_Input_EURange,425,Variable
BatchPlant1_Mixer_MixerDischargeValve_Input_EngineeringUnits,426,Variable
BatchPlant1_Mixer_MixerDischargeValve_Output,427,Variable
BatchPlant1_Mixer_MixerDischargeValve_Output_Definition,428,Variable
BatchPlant1_Mixer_MixerDischargeValve_Output_ValuePrecision,429,Variable
BatchPlant1_Mixer_MixerDischargeValve_Output_InstrumentRange,430,Variable
BatchPlant1_Mixer_MixerDischargeValve_Output_EURange,431,Variable
BatchPlant1_Mixer_MixerDischargeValve_Output_EngineeringUnits,432,Variable
BatchPlant1_Mixer_DischargeValve,433,Object
BatchPlant1_Mixer_DischargeValve_Input,434,Variable
BatchPlant1_PackagingUnit,435,Object
BatchPlant1_PackagingUnit_PackagingUnitLevelIndicator,436,Object
BatchPlant1_PackagingUnit_PackagingUnitLevelIndicator_Output,437,Variable
BatchPlant1_PackagingUnit_PackagingUnitLevelIndicator_Output_Definition,438,Variable
BatchPlant1_PackagingUnit_PackagingUnitLevelIndicator_Output_ValuePrecision,439,Variable
BatchPlant1_PackagingUnit_PackagingUnitLevelIndicator_Output_InstrumentRange,440,Variable
BatchPlant1_PackagingUnit_PackagingUnitLevelIndicator_Output_EURange,441,Variable
BatchPlant1_PackagingUnit_PackagingUnitLevelIndicator_Output_EngineeringUnits,442,Variable
BatchPlant1_PackagingUnit_PackagingUnitLevelIndicator_Units,443,Variable
BatchPlant1_Conveyor,444,Object
BatchPlant1_Conveyor_ConveyorMotor,445,Object
BatchPlant1_Conveyor_ConveyorMotor_Speed,446,Variable
BatchPlant1_Conveyor_ConveyorMotor_Speed_Definition,447,Variable
BatchPlant1_Conveyor_ConveyorMotor_Speed_ValuePrecision,448,Variable
BatchPlant1_Conveyor_ConveyorMotor_Speed_InstrumentRange,449,Variable
BatchPlant1_Conveyor_ConveyorMotor_Speed_EURange,450,Variable
BatchPlant1_Conveyor_ConveyorMotor_Speed_EngineeringUnits,451,Variable
BatchPlant1_StartProcess,452,Method
BatchPlant1_StopProcess,453,Method
